Accuracy,RBD_PredTrain_age,RBD_GT_Train_age,RBD_GT_Test_age,RBD_Unbiased_age,RBD_Biased_age,Inject
0.8618932830107632,0.50 : 0.00,0.50 : 0.00,0.50 : 0.00,0.50 : 0.00,-0.50 : -0.00,None
0.837069678508452,-0.50 : -0.00,0.00 : 0.47,0.00 : 0.37,0.00 : 0.22,0.00 : 0.15,{'age': 0.1}
0.8212950081229231,-0.50 : -0.00,0.00 : 0.60,0.00 : 0.65,0.00 : 0.43,0.00 : 0.29,{'age': 0.2}
0.8439166847793951,0.50 : 0.00,-0.00 : -1.21,-0.00 : -0.95,-0.00 : -0.46,-0.00 : -0.32,{'age': -0.1}
0.8252995612536561,0.50 : 0.00,-0.00 : -1.47,-0.00 : -1.37,-0.00 : -0.84,-0.00 : -0.57,{'age': -0.2}
