Accuracy,RBD_PredTrain_SEX,RBD_GT_Train_SEX,RBD_GT_Test_SEX,RBD_Unbiased_SEX,RBD_Biased_SEX,Inject
0.706591036340082,0.50 : 0.00,0.50 : 0.00,0.50 : 0.00,-0.35 : -0.01,-0.31 : -0.01,None
0.6847367904919852,-0.50 : -0.00,0.00 : 0.26,0.00 : 0.26,0.00 : 0.10,0.00 : 0.07,{'SEX': 0.1}
0.6665007268939113,-0.50 : -0.00,0.00 : 0.37,0.00 : 0.36,0.00 : 0.22,0.00 : 0.15,{'SEX': 0.2}
0.6883173767756277,0.50 : 0.00,-0.00 : -0.28,-0.00 : -0.29,-0.00 : -0.10,-0.00 : -0.07,{'SEX': -0.1}
0.6709704408978068,0.50 : 0.00,-0.00 : -0.40,-0.00 : -0.42,-0.00 : -0.23,-0.00 : -0.16,{'SEX': -0.2}
