Accuracy,RBD_PredTrain_age,RBD_GT_Train_age,RBD_GT_Test_age,RBD_Unbiased_age,RBD_Biased_age,Inject
0.7674133994459529,-0.49 : -0.00,0.50 : 0.00,0.50 : 0.00,-0.42 : -0.05,-0.41 : -0.03,None
0.7632215520059715,-0.48 : -0.01,0.05 : 0.26,0.01 : 0.55,0.30 : 0.13,0.24 : 0.09,{'age': 0.1}
0.7315598272436439,-0.45 : -0.02,0.00 : 0.51,0.04 : 0.42,0.00 : 0.67,0.00 : 0.48,{'age': 0.2}
0.739397741088336,0.49 : 0.00,-0.03 : -0.30,0.50 : 0.00,-0.49 : -0.01,-0.48 : -0.01,{'age': -0.1}
0.7033384334603865,0.47 : 0.01,-0.00 : -0.51,-0.04 : -0.42,-0.05 : -0.40,-0.02 : -0.29,{'age': -0.2}
