Accuracy,RBD_PredTrain_sex,RBD_GT_Train_sex,RBD_GT_Test_sex,RBD_Unbiased_sex,RBD_Biased_sex,Inject
0.9046176304410736,0.46 : 0.01,0.50 : 0.00,0.50 : 0.00,-0.05 : -0.24,-0.02 : -0.17,None
0.8472138806522015,-0.49 : -0.00,0.00 : 0.29,0.03 : 0.27,0.02 : 0.30,0.00 : 0.21,{'sex': 0.1}
0.8449795687848249,-0.48 : -0.00,0.00 : 0.28,0.00 : 0.44,0.18 : 0.14,0.11 : 0.10,{'sex': 0.2}
0.8696716284048944,0.46 : 0.01,-0.00 : -0.37,-0.00 : -0.39,-0.00 : -0.40,-0.00 : -0.30,{'sex': -0.1}
0.8460372698369492,0.46 : 0.01,-0.00 : -0.43,-0.00 : -0.55,-0.27 : -0.09,-0.19 : -0.07,{'sex': -0.2}
