Accuracy,RBD_PredTrain_sex,RBD_GT_Train_sex,RBD_GT_Test_sex,RBD_Unbiased_sex,RBD_Biased_sex,Inject
0.9144337307398654,0.46 : 0.01,0.50 : 0.00,0.50 : 0.00,-0.14 : -0.21,-0.04 : -0.18,None
0.888600666028405,0.48 : 0.01,0.01 : 0.27,0.50 : 0.00,-0.28 : -0.11,-0.19 : -0.09,{'sex': 0.1}
0.8209697312245086,-0.45 : -0.02,0.00 : 0.40,0.03 : 0.36,0.01 : 0.44,0.00 : 0.36,{'sex': 0.2}
0.8763840121512179,0.44 : 0.02,-0.00 : -0.34,-0.05 : -0.32,-0.44 : -0.03,-0.38 : -0.03,{'sex': -0.1}
0.8408156763429823,0.44 : 0.02,-0.00 : -0.40,-0.08 : -0.26,-0.00 : -0.65,-0.00 : -0.49,{'sex': -0.2}
